Dataset,Alias,Clips,Mean frames,MPJPE mean mm ↓,MPJPE median mm ↓,PA-MPJPE mean mm ↓,PA-MPJPE median mm ↓,DTW-MPJPE mean mm ↓,DTW-PA-MPJPE mean mm ↓
CSL-Daily-Fittings,csl,837,98.66905615292713,13.22096360573632,12.968415394425392,13.220963947332532,12.968415394425392,13.22096397059139,13.220635976003104
Neural-Sign-Actors,how2sign,1620,167.6141975308642,9.992037595100241,9.438392240554094,9.992037915601683,9.438393171876669,9.992037896287917,9.99196730361771
PHOENIX,phoenix,423,96.5224586288416,13.33060196158311,13.150648213922977,13.330602415135003,13.150648213922977,13.330602357692577,13.330602357692577
