dataset,source_alias,n_clips,frames_mean,mpjpe_mm_lower_better_mean,mpjpe_mm_lower_better_median,mpjpe_mm_lower_better_p90,pa_mpjpe_mm_lower_better_mean,pa_mpjpe_mm_lower_better_median,pa_mpjpe_mm_lower_better_p90,dtw_mpjpe_mm_lower_better_mean,dtw_mpjpe_mm_lower_better_median,dtw_mpjpe_mm_lower_better_p90,dtw_pa_mpjpe_mm_lower_better_mean,dtw_pa_mpjpe_mm_lower_better_median,dtw_pa_mpjpe_mm_lower_better_p90
CSL-Daily-Fittings,csl,837,98.66905615292713,13.22096360573632,12.968415394425392,16.020099446177483,13.220963947332532,12.968415394425392,16.020100563764572,13.22096397059139,12.968415677871393,16.02009991805878,13.220635976003104,12.968415677871393,16.02009991805878
Neural-Sign-Actors,how2sign,1620,167.6141975308642,9.992037595100241,9.438392240554094,13.351300545036796,9.992037915601683,9.438393171876669,13.351301476359371,9.992037896287917,9.438393074803427,13.351300727422506,9.99196730361771,9.438393074803427,13.351300727422506
PHOENIX,phoenix,423,96.5224586288416,13.33060196158311,13.150648213922977,16.039134189486504,13.330602415135003,13.150648213922977,16.039134189486504,13.330602357692577,13.15064962349228,16.03913469096216,13.330602357692577,13.15064962349228,16.03913469096216
