epoch,lr,train_loss,train_recon,train_velocity,train_base_loss,val_loss,val_recon,val_velocity,val_base_loss,val_improvement_vs_base,epoch_sec,improved,epochs_since_improve
1,1e-06,0.668915311495463,0.6126658270756403,0.11249897877375285,0.12929807106653848,0.3726610690355301,0.3297465294599533,0.0858290996402502,0.12356756627559662,-0.24909350275993347,0.4903428554534912,True,0
