epoch,lr,train_loss,train_recon,train_velocity,train_base_loss,val_loss,val_recon,val_velocity,val_base_loss,val_improvement_vs_base,epoch_sec,improved,epochs_since_improve
1,1e-06,0.6587999910116196,0.6048275530338287,0.10794483870267868,0.11914122104644775,0.6946507692337036,0.654747724533081,0.0798061192035675,0.11970947682857513,-0.5749412924051285,1.4140241146087646,True,0
